76,70,194,2.335,37,99
68,36,123,1.559,35,58
49,30,68,1.465,47,35
142,53,183,2.404,24,117
170,86,296,3.409,26,212
121,100,414,4.206,23,309
126,109,418,4.374,26,314
127,95,423,4.131,30,314
114,71,279,3.11,39,180
156,108,402,3.673,27,279
108,86,306,3.319,55,192
149,92,336,3.576,32,214
127,104,420,4.445,31,304
153,112,520,4.821,30,388
104,54,245,2.309,59,82
109,75,289,3.53,46,148
126,76,278,3.481,43,164
173,103,383,4.617,33,258
172,112,513,5.77,25,390
98,80,371,4.437,35,284
78,50,108,2.374,67,67
91,65,188,3.088,57,134
98,92,286,3.731,44,213
59,47,106,2.276,78,42
78,64,168,3.205,59,101
114,77,197,3.578,51,127
134,93,269,4.104,38,173
165,87,314,4.747,33,245
121,86,374,4.958,51,295
156,98,463,4.917,38,359
91,78,368,4.519,35,297
101,89,471,5.485,27,381
86,79,382,5.268,29,310
58,60,212,4.48,28,185
53,52,169,4.406,20,138
82,57,146,4.344,45,114
95,67,311,5.01,30,265
72,50,196,4.039,36,152
67,49,148,3.697,39,126
112,52,304,4.152,57,260
78,49,619,4.402,70,499
48,38,283,4.131,35,242
55,36,163,3.76,73,124
113,49,128,3.724,63,92
79,44,150,3.982,64,107
53,42,117,3.742,82,64
86,48,304,4.464,76,256
91,55,290,3.348,56,226
37,42,124,1.741,60,86
48,44,115,1.586,42,92
68,51,126,1.766,45,99
82,63,179,2.255,67,134
63,72,171,2.324,78,121
74,83,266,2.715,75,201
100,87,371,3.14,77,283
104,86,361,3.388,37,289
124,100,421,4.014,53,322
103,92,424,3.578,85,309
70,74,413,3.019,65,220
45,43,250,0.983,72,48
77,62,271,1.322,69,79
46,65,290,1.608,94,91
69,77,290,1.804,90,103
94,92,347,2.348,85,162
61,71,371,1.818,83,122
64,81,340,2.013,69,116
66,91,256,2.178,89,97
34,62,1020,1.687,53,241
41,39,538,1.37,52,87
68,53,194,1.848,35,79
57,63,816,2.081,35,210
71,66,817,2.547,30,265
56,53,224,2.367,51,119
72,75,275,2.503,58,168
59,80,307,2.816,29,202
48,63,235,2.482,95,114
37,82,265,2.312,68,67
45,85,310,2.704,55,102
42,60,267,1.912,72,80
45,72,263,2.22,45,121
45,89,236,2.329,61,116
45,80,309,2.634,83,147
41,51,278,1.991,79,87
55,69,207,2.614,25,101
30,64,158,2.598,88,94
45,87,227,2.917,67,90
52,84,239,2.928,74,92
49,68,283,2.561,62,142
55,82,299,2.772,91,162
42,70,275,3.052,71,175
39,81,317,3.161,94,157
65,75,222,2.766,38,92
57,82,227,2.93,106,121
32,63,225,2.618,49,120
22,39,167,2.057,60,46
24,57,147,2.267,72,57
39,78,180,2.673,72,76
21,68,248,2.365,77,69
20,39,127,1.923,84,39
26,61,145,2.138,80,51
45,93,168,2.35,81,64
31,65,145,2.521,81,58
29,60,139,2.235,91,52
34,56,136,1.906,89,49
40,62,159,2.291,107,57
33,45,145,1.886,99,53
40,60,266,2.443,125,102
32,42,380,2.138,77,121
14,34,117,2.054,47,73
17,39,93,2.025,41,68
29,54,152,2.645,51,113
17,50,206,2.67,13,137
19,62,190,2.489,60,111
27,79,231,2.243,84,111
32,82,231,1.69,106,88
35,79,214,1.69,117,88
25,71,190,1.782,133,74
36,77,260,1.849,125,123
20,46,114,1.257,52,43
23,43,85,1.182,116,41
29,71,183,1.674,66,75
26,54,122,1.346,126,46
33,59,167,1.685,141,60
23,47,164,1.493,129,82
13,35,135,1.424,99,79
16,41,128,1.522,54,85
20,47,155,1.548,38,98
20,45,109,1.318,48,71
21,43,70,1.263,66,23
26,56,107,1.241,107,43
27,48,100,1.104,108,37
38,54,117,1.286,131,46
32,58,147,1.233,131,56
29,53,142,1.211,98,62
26,49,184,1.223,85,83
18,42,143,1.301,97,83
14,30,75,1.326,46,50
18,36,75,1.195,93,33
15,45,179,1.345,75,60
27,67,239,1.366,100,86
24,79,198,1.701,142,83
14,55,158,1.286,92,60
13,35,109,1.116,127,62
13,39,108,1.245,61,52
14,44,74,1.439,25,47
11,36,46,1.441,64,35
13,45,86,1.382,116,49
13,37,58,1.065,44,33
16,37,36,0.785,70,17
27,55,79,1.026,40,31
19,55,81,1.091,36,32
24,68,103,1.342,102,42
28,74,152,1.327,155,57
20,56,144,1.124,119,44
14,39,91,1.029,95,39
14,30,85,0.94,103,42
16,35,69,1.009,87,35
17,37,71,1.119,126,32
14,25,109,1.161,117,68
13,25,20,1.009,42,10
18,31,46,1.04,73,19
25,35,50,0.995,97,22
18,41,65,1.034,98,33
18,22,57,0.913,80,25
18,21,70,0.951,82,39
18,24,87,0.989,92,51
20,33,113,1.132,109,63
28,42,127,1.227,145,68
18,35,140,1.357,168,84
14,33,182,1.76,143,119
15,37,122,1.378,105,78
13,28,36,0.868,58,12
13,34,48,1.002,97,23
15,47,105,1.097,124,54
15,52,111,1.293,71,58
20,52,84,1.199,132,34
21,49,89,1.115,86,28
21,51,93,1.088,132,34
14,39,88,0.98,103,32
11,19,67,0.884,86,27
12,19,70,0.868,82,35
14,33,91,1.25,91,46
14,31,76,1.312,47,43
13,36,105,1.312,165,59
14,33,57,1.208,39,31
19,39,73,1.234,146,35
17,45,128,1.391,163,72
16,39,120,1.35,151,72
24,41,113,1.349,92,46
16,25,47,1.23,105,22
14,22,33,1.133,79,12
16,29,58,1.211,133,26
14,30,97,1.463,141,57
12,23,79,1.618,94,51
11,29,154,2.217,112,95
17,41,131,1.53,57,76
19,45,65,1.228,107,28
14,50,97,1.372,56,57
13,33,47,1.265,56,26
15,45,91,1.482,88,39
16,48,107,1.445,142,61
13,34,130,1.556,95,80
14,31,61,1.392,44,33
14,34,73,1.606,95,53
14,40,137,1.926,124,103
13,39,168,1.763,122,97
15,36,165,1.638,133,90
16,27,73,0.899,82,33
16,33,64,0.892,95,22
15,38,42,1.048,50,18
17,47,98,1.166,158,48
17,50,147,1.169,135,66
13,35,74,1.065,104,34
14,30,88,1.012,106,42
15,35,99,1.038,99,52
15,38,99,1.088,112,49
14,39,88,0.964,106,45
14,44,121,0.986,115,55
14,27,65,0.747,47,21
16,38,45,0.947,55,23
16,43,89,1.149,100,45
17,51,138,1.423,123,63
17,36,89,1.008,91,39
16,32,68,1.053,87,34
18,37,104,1.175,115,47
15,28,95,1.006,93,46
13,24,88,0.862,109,44
20,38,103,0.87,126,55
23,47,135,0.946,118,54
24,48,157,1.138,162,62
26,34,121,1.008,140,48
31,33,120,1.075,156,60
24,39,149,1.186,164,94
22,41,146,1.123,141,86
40,38,200,1.285,187,141
36,51,249,1.674,149,164
37,44,159,1.514,163,91
42,46,168,1.959,170,98
22,45,160,1.283,101,87
18,33,70,0.979,50,36
20,43,68,1.036,99,28
21,47,78,0.879,91,26
33,54,123,1.201,107,58
29,48,168,1.393,148,88
35,40,131,1.345,114,79
33,51,183,1.69,147,116
28,44,135,1.376,85,96
30,49,95,1.182,109,58
27,60,136,1.328,131,73
29,62,172,1.55,71,90
20,38,113,1.244,88,72
31,63,168,1.596,97,120
30,53,145,1.458,111,85
35,59,174,1.55,120,91
29,52,189,1.658,147,111
28,69,91,1.46,92,39
30,64,138,1.579,110,52
31,61,183,1.684,179,76
18,25,87,1.118,97,34
21,40,129,1.313,87,62
22,42,133,1.37,135,63
17,33,53,1.137,47,27
23,39,91,1.363,69,59
20,36,57,1.389,62,37
29,42,174,2.412,106,123
22,28,74,1.146,35,33
35,41,93,1.332,37,34
33,57,117,1.554,27,57
41,65,143,1.412,56,81
49,72,169,1.766,93,97
31,76,132,2.01,65,66
38,102,313,2.312,144,196
23,63,213,1.559,111,147
34,68,155,1.433,76,80
31,71,185,1.588,113,100
36,78,261,1.849,124,154
34,91,278,1.992,114,179
33,78,288,2.064,110,189
30,66,210,1.651,122,139
40,88,280,2.082,101,196
32,69,223,1.887,98,125
36,78,313,2.124,132,178
24,61,175,1.721,77,78
41,81,213,1.964,95,95
35,92,263,2.367,144,131
34,64,199,1.566,89,76
19,36,98,1.209,49,36
21,39,67,1.342,39,42
26,47,97,1.788,21,64
31,59,154,1.931,35,107
28,63,171,2.235,33,118
30,70,149,2.478,44,98
47,62,113,1.793,22,49
35,69,127,1.972,55,63
47,87,207,2.202,57,109
34,77,175,2.073,57,101
51,68,172,1.926,52,76
54,74,215,1.843,42,118
60,85,263,2.345,44,140
57,108,328,3.089,56,193
45,88,326,3.138,66,240
46,74,300,2.746,29,200
18,44,111,1.788,23,68
15,42,61,1.904,13,45
15,45,89,1.757,25,49
19,49,124,1.876,28,58
25,49,120,1.789,28,74
29,54,159,2.062,27,96
21,50,133,2.097,44,70
22,53,145,1.862,53,69
37,69,172,1.789,26,105
31,63,140,1.597,19,92
19,36,55,1.145,33,32
19,38,31,0.99,12,23
32,39,80,1.108,10,32
33,39,68,1.159,16,36
37,46,105,1.552,15,48
29,31,158,1.102,39,58
66,62,241,1.764,24,81
57,51,175,1.46,35,55
73,71,168,1.757,19,80
85,72,218,2.326,19,112
87,76,237,2.498,17,121
65,72,227,2.17,28,99
86,76,266,2.524,17,123
106,88,273,2.975,20,143
30,43,79,1.63,31,43
41,38,80,1.435,33,30
64,54,141,2.218,21,47
58,53,82,1.794,25,36
49,42,75,1.315,41,22
49,42,90,1.729,38,36
83,58,131,2.169,22,61
72,50,117,2.259,30,50
67,65,129,2.839,16,54
122,65,243,3.198,25,139
71,51,110,1.718,32,56
91,62,122,2.138,29,55
69,48,81,1.682,37,35
102,68,206,2.238,29,89
80,81,189,2.448,25,125
66,56,157,2.014,26,75
54,44,87,1.365,32,34
70,57,156,1.946,24,72
63,61,144,2.439,36,63
82,71,135,2.82,27,74
98,82,143,3.264,34,97
97,73,135,3.104,24,76
54,57,75,2.548,36,42
68,70,148,2.924,21,71
95,81,386,3.021,27,228
78,94,585,3.617,21,397
85,86,606,4.018,13,417
106,101,592,4.189,15,412
101,96,521,4.279,17,380
139,100,594,4.985,17,433
116,127,747,5.688,20,530
138,141,829,6.178,20,606
122,118,733,6.219,25,494
49,55,163,2.654,30,85
73,67,175,2.865,32,97
73,71,185,2.981,38,105
94,85,235,3.423,23,136
56,71,167,3.168,34,93
48,65,133,3.358,32,67
78,75,179,3.477,25,88
64,68,177,3.251,26,90
49,58,140,2.697,36,51
83,73,174,3.159,24,75
132,91,304,3.957,17,158
148,91,307,4.147,16,160
63,54,146,2.935,20,77
47,45,101,2.417,36,35
97,67,153,2.784,20,71
145,87,242,3.003,17,137
86,69,202,2.602,25,122
64,57,130,2.133,26,44
91,73,206,2.653,19,91
112,90,274,3.127,16,143
137,100,384,3.476,19,239
120,109,391,3.666,22,260
83,94,267,3.025,23,173
99,78,182,2.382,21,97
59,60,155,1.668,39,57
55,70,110,2.091,37,48
94,83,204,2.562,21,103
104,98,245,2.971,25,151
126,105,308,3.123,31,218
98,81,270,2.396,24,165
83,78,191,2.165,26,99
91,72,223,2.212,31,134
86,84,288,2.801,36,199
91,80,284,2.822,37,195
86,89,326,3.029,57,238
94,93,421,3.269,83,303
125,89,674,3.827,33,506
67,76,469,3.833,43,339
64,91,488,4.256,68,369
51,57,329,2.596,57,204
56,37,194,1.915,30,63
32,31,89,1.645,27,61
50,35,93,1.856,24,75
51,48,165,2.172,32,130
78,49,235,2.378,25,180
54,37,97,1.862,41,64
63,45,122,1.993,42,85
97,57,169,2.02,33,129
94,58,230,2.39,35,183
103,56,185,2.293,49,151
99,63,239,2.523,36,187
90,72,315,2.917,29,247
79,64,292,2.716,24,224
47,49,178,2.394,22,140
62,46,183,2.177,33,140
57,60,175,2.173,54,129
68,64,234,2.164,49,170
78,62,277,2.13,26,209
80,67,341,2.453,29,250
74,69,347,2.541,31,255
69,65,341,2.602,23,247
60,64,363,2.658,29,245
43,51,250,2.448,14,150
45,42,208,1.964,32,74
38,39,115,2.116,14,89
38,47,169,2.567,16,121
57,63,256,2.927,16,165
55,65,307,2.967,16,202
49,50,171,2.37,45,100
54,54,194,2.64,19,121
44,52,161,2.86,15,124
45,46,160,2.767,25,115
49,52,136,2.991,48,87
41,57,159,2.85,63,78
50,59,209,2.833,61,110
46,48,149,2.344,50,74
26,31,157,1.64,56,32
32,41,99,1.667,65,32
32,51,131,1.8,52,44
33,53,144,1.925,67,55
34,61,198,2.322,66,79
32,53,224,2.21,58,80
35,58,357,2.33,24,108
32,43,185,2.27,54,74
18,33,106,1.74,57,27
28,51,171,1.822,60,49
38,62,185,2.327,74,85
35,54,174,2.32,69,68
35,47,134,1.967,72,54
27,55,159,2.055,88,65
35,66,214,2.125,100,81
24,41,164,1.642,74,56
23,44,302,1.6,41,70
31,55,368,1.664,76,92
26,56,199,1.782,28,85
19,36,138,1.764,59,78
24,54,142,1.9,71,71
32,58,164,1.8,52,76
27,48,137,1.8,60,75
27,48,142,1.9,56,73
22,47,130,1.8,77,55
27,46,161,1.8,75,50
19,46,134,1.9,97,52
23,63,176,2.1,97,63
23,61,188,2.2,117,83
21,59,190,2.3,39,93
10,36,97,2,31,61
13,44,93,2.1,63,53
15,48,139,2.3,108,74
13,39,140,1.9,65,71
8,35,84,1.4,39,45
8,34,87,1.5,38,49
12,45,116,1.6,60,56
9,40,117,1.8,37,64
8,33,62,1.7,44,35
12,39,113,1.6,31,58
8,34,66,1.2,33,35
12,39,89,1.2,66,37
15,48,146,1.3,72,69
16,41,164,1.3,79,86
8,21,181,0.9,51,69
11,32,178,1.1,70,48
15,42,305,1.3,78,81
18,49,297,1.7,90,81
15,45,223,1.6,95,70
21,51,217,1.7,94,70
16,37,212,1.3,54,60
15,31,149,1.2,75,45
21,42,188,1.4,43,57
14,29,148,1.3,84,47
23,38,137,1.3,73,49
20,38,148,1.4,99,60
19,41,139,1.4,107,51
20,33,158,1.4,94,56
14,18,184,1.3,86,80
9,19,60,1.3,28,36
10,23,78,1.3,78,25
16,40,112,1.5,53,41
13,32,104,1.5,34,45
11,26,81,1.3,62,28
14,30,96,1.3,98,34
19,42,127,1.7,34,50
20,38,130,1.7,103,56
21,37,135,1.6,127,57
12,21,146,1.4,94,56
16,36,164,1.7,98,64
17,33,134,1.6,116,53
10,21,108,1.6,85,54
7,25,70,1.6,77,39
10,22,90,1.6,88,40
11,25,362,1.4,50,115
11,29,227,1.6,90,83
14,32,148,1.8,71,57
16,38,162,1.7,115,64
17,36,137,1.7,118,58
18,40,158,1.9,41,60
14,25,160,1.9,103,71
14,22,105,1.7,129,57
12,23,140,2,154,72
13,17,120,1.8,126,58
9,18,66,1.7,86,32
12,33,129,1.8,122,71
11,29,97,1.4,49,38
12,33,73,1.3,108,27
15,39,93,1.5,151,36
24,47,122,1.6,148,48
24,49,122,1.4,127,46
20,53,108,1.5,119,42
18,41,203,1.5,113,103
10,32,83,1.1,61,48
8,32,84,1.2,53,52
9,35,73,1.2,94,38
10,40,94,1.2,127,41
9,25,63,1.3,99,20
10,41,108,1.2,118,43
7,23,57,1.1,39,23
10,38,83,1.3,63,39
11,39,87,1.3,119,38
12,35,102,1.5,118,48
12,28,84,1.3,115,39
8,18,55,1.3,78,30
9,31,57,1.4,58,30
14,37,86,1.6,176,38
19,41,97,1.4,175,44
19,42,117,1.6,57,60
12,28,46,1.3,119,34
16,51,134,1.8,126,70
69,45,144,1.6,162,57
11,44,85,1.3,173,27
11,47,82,1.2,85,30
14,50,109,1.1,149,40
12,31,93,1,142,46
13,32,101,1.1,154,50
12,39,105,1.1,163,49
11,37,122,0.9,159,51
6,20,36,0.8,59,15
5,23,26,0.8,55,13
7,31,50,1,143,21
7,38,85,1,138,27
10,41,97,0.9,142,29
8,37,78,0.9,133,24
12,55,106,1.1,130,34
11,42,106,1,128,31
8,33,71,0.8,141,22
7,28,81,0.8,123,34
4,15,45,0.8,50,15
4,18,36,0.8,44,11
6,26,57,0.8,91,16
9,26,86,0.9,151,25
6,23,46,0.9,95,23
12,30,51,0.8,137,17
13,50,97,0.9,134,36
12,43,111,1,149,51
12,36,105,1.1,169,51
13,36,126,1,164,62
6,39,119,1.1,155,60
9,30,111,1.2,154,51
7,27,113,1.1,150,63
10,33,148,1.2,157,80
12,40,159,1.2,170,81
9,47,160,1.3,168,83
9,30,126,1.1,150,53
8,28,109,1.2,147,54
8,27,84,1.3,39,52
6,26,50,1.1,29,29
4,28,33,1.1,34,21
4,33,44,1.4,104,24
7,39,75,1.4,131,35
6,50,105,1.6,154,54
6,43,68,1.2,38,35
8,36,62,1.1,98,26
12,45,66,0.9,126,27
14,56,89,1,120,35
16,53,117,1.4,59,56
16,36,101,1.5,49,59
16,36,89,1.4,128,49
17,53,102,1.1,154,46
20,68,137,1.2,134,57
19,54,159,1.4,136,78
17,41,99,1.1,111,46
16,44,95,1.1,98,36
14,40,64,0.9,95,21
20,62,88,1.1,109,27
26,67,141,1.4,120,52
13,28,77,1.1,106,37
14,34,70,1.1,105,32
13,32,75,1.1,111,37
8,28,48,1.1,44,22
8,35,55,1.2,52,27
10,43,85,1.5,46,49
12,40,64,1.3,82,33
15,48,54,1,102,25
21,62,101,1.3,120,42
17,55,116,1.4,126,54
14,44,101,1.2,108,48
7,36,78,1.3,48,48
7,32,63,1.3,45,38
6,33,66,1.7,54,41
7,32,63,1.3,35,42
6,27,73,1.2,53,49
8,26,39,1,44,23
8,31,32,1.1,38,21
6,36,20,1.3,35,14
8,29,18,1.5,36,12
7,31,27,1.3,32,17
8,36,31,1.5,33,18
11,39,65,1.7,74,36
14,50,97,1.7,93,48
14,56,126,1.7,111,63
15,49,125,1.5,107,63
13,41,94,1.1,62,44
10,35,45,0.9,26,20
17,49,72,1.2,81,33
17,55,137,1.3,44,68
18,52,156,1.5,94,83
15,54,143,1.5,35,75
8,30,33,1,56,20
10,38,53,1.2,79,27
12,29,72,1,78,36
11,33,73,1.3,35,40
11,47,130,1.4,45,43
19,47,172,1.4,77,79
17,46,133,1.3,56,54
18,52,102,1.2,64,37
22,46,156,1.4,124,90
26,58,204,1.5,107,118
26,74,309,1.8,85,188
24,63,313,1.8,132,190
21,43,184,1.3,131,105
15,32,115,0.9,37,50
14,32,43,0.9,27,21
19,38,50,1,38,24
17,48,84,1.3,50,39
23,52,105,1.5,23,47
32,68,183,1.7,28,92
25,54,147,1.6,73,75
30,62,177,1.6,60,94
21,59,186,1.8,62,105
16,50,138,1.8,10,67
12,58,166,1.5,60,88
15,54,216,1.5,22,121
16,52,136,1.8,41,68
20,59,139,1.9,50,59
21,58,137,1.9,65,59
22,63,161,1.8,53,78
29,45,141,1.5,47,63
28,42,105,1.3,19,63
24,46,159,1.5,15,100
34,47,192,1.8,20,117
22,39,106,1.6,26,59
20,38,52,1.3,34,23
20,41,93,1.2,58,28
25,54,111,1.7,38,48
32,66,165,2,35,80
21,49,81,1.6,67,38
37,60,158,2.1,35,79
43,53,164,1.8,19,88
37,52,195,2.1,29,122
42,53,202,2.3,18,135
38,48,190,2.2,15,129
24,44,97,1.5,51,40
25,48,106,1.8,41,47
28,46,114,1.8,36,54
55,56,162,2.2,23,86
35,45,113,1.8,44,63
37,57,146,2.1,26,74
45,55,184,2.2,30,97
61,76,256,2.5,23,164
51,70,195,2.1,34,133
43,57,199,2.2,45,118
59,63,269,2.7,11,164
67,57,281,3,9,191
88,50,213,2.7,10,146
24,36,78,1.8,11,50
26,39,69,1.5,32,39
39,48,140,1.8,11,62
38,44,129,1.7,13,58
31,47,109,1.4,22,50
48,48,180,2.2,7,86
27,35,82,1,52,30
28,40,73,1,35,28
54,56,148,1.6,23,63
41,51,114,1.4,50,44
35,48,90,1.5,43,35
53,54,154,2,23,65
57,57,194,2.3,10,99
40,47,143,1.9,27,53
78,54,185,2.2,22,83
56,49,155,1.9,14,71
33,38,113,1.5,38,36
47,46,139,1.7,24,57
35,47,121,1.6,36,46
51,59,185,2.4,19,82
58,66,213,2.4,20,111
31,38,127,1.4,49,44
32,40,70,1.3,47,25
56,67,145,2.2,22,64
69,70,228,2.8,19,119
60,60,187,2.4,22,94
68,37,88,1.5,21,41
30,32,67,1.3,46,24
69,48,132,1.8,24,61
62,59,155,2.2,21,75
76,68,260,3.1,18,144
91,47,175,2.5,14,94
142,56,224,3,10,117
88,56,208,2.8,19,113
45,50,105,2.3,28,50
57,58,146,2.8,18,66
51,53,138,2.6,34,62
24,25,93,1.3,46,20
59,48,133,2.3,17,59
74,50,166,2.6,13,77
96,68,228,3.3,17,117
95,79,298,4,20,165
40,37,123,1.8,34,38
37,33,75,1.4,33,28
41,42,128,2,32,62
42,51,136,2.2,28,62
55,61,173,2.5,19,79
64,66,239,3.2,26,122
72,82,285,3.6,23,156
75,75,313,3.7,25,174
61,60,282,3.4,18,144
58,64,331,4,18,191
51,62,328,3.7,32,197
47,58,186,3.4,32,97
58,51,138,2.6,15,67
32,44,100,2.4,41,44
64,70,177,3.2,18,74
47,47,137,2.3,47,54
27,37,87,1.6,48,21
58,52,121,2.2,28,56
74,69,200,3,24,101
90,66,251,3.2,20,133
48,54,302,3.3,10,161
61,61,348,3.5,18,187
48,46,195,2.8,13,107
42,31,71,2.1,25,42
47,31,85,2.3,40,46
39,35,70,2.2,33,32
43,36,102,2.3,21,60
53,44,178,2.8,27,110
64,50,214,3.2,18,132
60,58,244,3.6,24,152
41,49,149,2.9,48,90
42,49,101,2.5,40,49
45,52,116,2.7,37,57
35,34,78,2,57,32
42,40,99,2.2,45,40
57,47,122,2.6,34,55
43,45,144,2.9,57,74
35,44,138,2.8,50,45
36,48,133,2.9,51,44
48,49,139,2.9,57,52
60,53,186,3.3,26,92
25,30,144,2.1,57,39
26,31,92,2.2,58,33
44,42,129,2.5,67,56
48,31,202,2.4,51,88
32,19,142,2,62,74
23,22,106,2.1,38,70
22,27,134,2.2,64,77
22,17,200,1.7,47,43
32,26,158,1.9,50,49
36,36,165,2.5,54,68
24,31,134,2.1,63,45
48,31,163,2.5,46,63
29,25,126,2.2,49,52
20,24,105,2,42,57
27,38,78,2.2,39,33
28,32,104,2.1,56,42
17,18,179,1.2,61,36
29,25,83,1.4,42,30
21,28,93,1.6,34,57
28,47,120,1.9,54,74
30,52,150,2.1,70,85
28,53,130,2,73,68
33,37,105,1.4,55,36
41,33,125,1.5,35,52
34,42,124,1.7,58,54
36,59,154,2,72,73
47,61,170,2.1,101,77
43,52,191,1.7,85,77
52,72,256,2.2,42,113
43,71,284,2.5,106,136
40,69,247,2.3,33,109
16,30,98,1.6,48,55
17,31,73,1.7,30,43
17,27,58,1.4,68,27
20,40,95,1.4,70,37
24,42,132,1.6,47,57
14,27,59,1.4,55,31
20,42,134,1.8,16,68
13,36,79,1.6,33,53
15,31,58,1.4,46,39
18,36,97,1.7,37,58
18,41,104,1.8,69,40
26,43,180,2,95,65
23,38,120,1.8,98,60
23,45,154,2.1,54,77
14,27,54,1.8,43,22
12,26,88,1.8,50,33
23,29,141,2.5,38,73
13,28,72,2.1,38,53
12,22,48,1.6,73,20
15,25,53,1.6,59,25
18,30,81,1.7,67,48
18,31,96,1.6,80,50
17,36,103,1.7,90,45
19,48,127,1.8,90,51
16,36,104,1.5,74,32
12,29,122,1.3,86,25
14,33,67,1.4,86,22
26,58,125,2,67,52
20,50,113,2,87,36
17,32,199,1.6,81,45
27,50,217,1.8,47,65
19,43,156,1.8,40,58
12,24,42,1.4,65,20
14,29,63,1.6,92,33
11,25,33,1.4,88,12
18,45,75,1.6,69,30
17,51,92,1.7,108,39
19,49,89,1.6,128,37
22,54,116,1.7,120,50
19,46,112,1.6,123,40
16,42,85,1.7,113,34
18,50,109,1.7,130,36
21,45,132,1.7,136,54
20,29,147,1.6,133,56
12,23,77,1.4,55,29
14,31,76,1.5,106,29
17,42,69,1.5,71,26
18,40,77,1.5,124,30
18,40,95,1.4,128,38
17,42,82,1.2,118,28
20,43,120,1.5,57,48
13,31,78,1.3,104,29
15,32,93,1.2,122,33
13,26,84,1.3,67,33
13,27,74,1.1,87,20
16,51,104,1.6,109,35
17,54,139,1.9,152,48
22,44,134,1.9,108,53
13,27,80,1.3,124,33
21,52,149,1.6,92,52
18,50,140,1.8,110,53
16,38,109,1.4,125,39
25,38,145,1.6,135,49
26,24,122,1.5,99,41
13,23,73,1.5,72,43
15,31,84,1.7,139,49
18,39,81,1.6,161,37
22,44,108,1.6,139,45
20,35,97,1.5,112,45
19,35,90,1.5,142,50
20,39,111,1.5,160,58
18,34,103,1.3,59,47
12,22,59,1.1,115,29
14,33,85,1.2,108,33
16,34,90,1.3,107,37
15,32,72,1.3,34,42
14,34,68,1.4,36,37
13,34,77,1.3,37,44
12,26,77,1.1,91,26
13,40,77,1.1,113,22
13,31,56,1.1,113,20
15,39,80,1.3,100,26
15,34,89,1.2,127,28
13,37,109,1.3,125,41
11,28,154,1,82,36
16,46,102,1.2,84,30
16,41,89,1.1,126,31
19,51,127,1.3,117,43
6,25,72,1.2,79,49
8,36,98,1.4,65,60
9,35,82,1.5,143,44
10,33,87,1.4,151,40
11,41,87,1.3,154,41
15,36,117,1.4,94,59
13,26,95,1.4,136,50
10,24,79,1.2,104,36
5,20,64,1.2,68,40
6,27,23,1.2,63,14
5,34,35,1.4,158,17
6,36,66,1.4,41,36
4,20,35,1.1,56,21
6,27,55,1.1,56,31
4,34,52,1.2,74,31
5,32,72,1.2,89,42
8,44,76,1.2,145,30
11,46,76,1.1,165,24
14,46,103,1.2,108,42
10,42,92,1.1,144,43
9,38,91,1.1,99,43
8,35,77,1,106,33
8,30,71,1,143,32
10,35,102,1.1,158,50
11,36,139,1.2,170,75
10,39,123,1.1,162,66
11,31,90,0.9,150,45
9,38,89,1,161,41
12,45,210,1.1,127,56
11,46,203,1.3,200,71
5,20,54,0.9,138,29
9,27,92,1.2,163,58
9,29,107,1.1,172,68
10,33,117,1,167,63
6,24,78,0.6,145,33
7,30,94,0.9,146,51
6,36,74,0.8,165,31
6,34,61,0.8,112,24
8,34,62,0.8,137,20
9,41,79,0.8,130,21
12,60,105,1.1,212,31
10,54,135,1.1,190,48
5,37,91,1.1,139,41
6,34,72,1,146,31
6,36,79,1,189,34
7,36,85,1,180,37
8,35,81,0.9,145,29
5,31,91,0.9,131,47
6,28,80,0.9,149,39
3,25,54,1,96,30
5,27,26,0.9,68,14
10,41,59,1,179,25
8,48,82,1,176,38
7,42,115,1,150,62
7,33,118,1.1,131,70
6,40,127,1.2,98,74
7,34,96,1,115,55
9,37,99,1,113,49
7,39,83,0.9,95,44
7,39,69,1,110,38
7,35,54,0.8,90,18
9,45,61,0.9,143,23
9,50,97,1.1,148,44
11,39,288,0.8,57,72
9,59,241,1.1,25,72
8,42,144,1,72,52
11,50,77,1.1,111,26
16,49,66,1,120,20
16,56,80,1,167,27
14,51,101,1,162,32
9,35,63,0.9,147,34
13,51,94,1.1,148,43
15,46,97,1.1,155,45
19,43,102,1.2,176,46
17,47,111,1.2,164,48
19,62,120,1.2,141,45
14,53,139,1.2,154,52
12,42,89,1.1,132,35
13,52,86,1.2,131,38
13,35,116,1.4,128,63
10,30,84,1,82,46
7,25,48,1,92,29
12,39,65,1,90,23
16,46,79,1,139,25
12,32,90,1.2,125,51
10,38,89,1.4,72,55
8,37,64,1.4,31,42
5,29,23,1.1,41,13
12,33,40,0.9,72,12
16,39,53,0.9,93,19
15,61,76,1.1,42,28
19,54,95,1.2,100,40
19,55,108,1.3,129,50
21,52,118,1.4,86,65
14,43,119,1.5,106,72
13,54,103,1.4,44,50
14,55,139,1.5,104,67
15,47,123,1.3,114,57
11,49,100,1.2,83,47
9,38,68,1.1,58,28
12,43,62,1,83,24
13,35,50,0.8,68,18
16,52,68,1,101,26
17,48,91,1,105,40
10,34,72,1,90,41
15,41,94,1.1,60,48
10,32,93,1.1,78,51
9,31,91,1.1,47,48
10,31,350,0.6,71,47
16,55,160,1,23,42
24,63,205,1.5,9,68
29,73,226,1.9,30,87
19,67,179,1.8,60,79
14,64,166,1.8,20,85
16,48,115,1.6,84,63
12,45,76,1.2,32,25
14,43,84,1.2,46,28
19,49,80,1,64,26
19,55,90,1.1,71,27
25,68,114,1.1,74,44
34,82,182,1.7,49,81
31,80,187,1.7,103,83
26,77,167,1.6,91,75
36,78,222,2,97,106
25,70,194,1.9,82,82
33,73,192,1.8,53,80
22,65,279,2,92,137
21,65,304,2,95,147
24,54,241,1.8,114,125
24,37,143,1.2,60,59
14,38,114,1.3,48,59
12,29,111,1.8,28,67
11,26,55,1.6,41,37
12,27,44,1.1,48,18
20,41,81,1.3,29,25
24,50,122,1.6,8,50
24,50,122,1.6,8,50
31,31,57,0.9,33,24
13,20,30,0.7,33,16
14,31,56,1,52,24
22,49,101,1.5,50,47
39,65,166,2.1,29,78
27,61,174,2.1,28,80
26,44,157,1.7,32,80
15,25,42,1.2,44,25
16,29,38,1.5,12,20
19,35,60,1.6,37,22
23,46,122,1.7,37,50
23,45,119,1.9,10,51
26,39,72,1.6,20,36
24,36,113,1.5,23,58
23,44,137,1.8,24,65
35,52,147,2,18,60
25,44,115,1.9,18,47
24,51,172,2.2,13,70
27,46,129,2.5,11,63
18,41,68,2.2,22,33
26,45,105,2.4,14,47
22,49,136,2.5,14,61
22,46,80,2.1,11,38
23,47,61,2.5,10,29
20,38,42,2.2,10,26
15,36,32,1.7,21,18
20,45,55,1.6,46,25
32,53,70,1.5,33,28
43,66,162,2.3,33,66
36,82,280,3.3,14,124
38,83,342,3.6,21,171
32,95,394,4.3,12,199
27,78,269,3.4,28,117
21,45,160,2.1,51,37
24,44,105,2,48,34
33,50,104,2.2,38,42
51,68,170,2.5,19,76
59,78,245,3.1,18,121
57,83,303,3.5,18,157
45,60,328,3,13,173
53,60,358,2.9,11,190
35,52,211,2.5,13,130
42,45,201,2.5,32,116
32,41,148,2.3,24,85
24,33,79,2,36,41
27,46,75,1.7,34,33
26,42,90,1.5,52,39
21,46,76,1.4,51,26
37,56,108,1.9,36,49
41,70,141,2,32,75
66,72,194,2.5,22,114
55,84,273,3.1,20,160
62,87,380,3.9,12,226
83,92,348,3.4,21,216
87,92,431,4,12,267
37,62,106,2.8,41,50
42,68,293,3.5,17,153
60,84,312,4.1,22,175
